yaw_deg, cda
0, 0.05772
1, 0.05631
2, 0.05422
3, 0.05192
4, 0.04873
8, 0.03593
16, -0.0113
30, -0.1873
